{"args": {"arch": "highway110", "lr": 0.1, "epochs": 200, "batch_size": 128, "width_mult": 0.875, "final_conv": false}, "num_params": 2649918, "train_loss": [1.8594165625, 1.59352953125, 1.31987015625, 1.115983984375, 0.96846890625, 0.8497975, 0.747923671875, 0.66694125, 0.600902109375, 0.5421694140625, 0.49857640625, 0.4668390625, 0.4307085546875, 0.409394140625, 0.376998203125, 0.3617640625, 0.3416359375, 0.32388771484375, 0.312213671875, 0.297219921875, 0.2955612109375, 0.2821220703125, 0.2698602734375, 0.26029859375, 0.25914224609375, 0.25037375, 0.2479308984375, 0.243328125, 0.23854419921875, 0.23641677734375, 0.23445314453125, 0.2298943359375, 0.228297421875, 0.22317546875, 0.22620666015625, 0.22223349609375, 0.2222104296875, 0.219385, 0.2213599609375, 0.20991826171875, 0.213565546875, 0.210300703125, 0.20898380859375, 0.20579095703125, 0.20561001953125, 0.2053005859375, 0.201172265625, 0.20062876953125, 0.20162181640625, 0.19631681640625, 0.1924055078125, 0.19053953125, 0.19961189453125, 0.19079140625, 0.1881873828125, 0.18875919921875, 0.181443203125, 0.1785283203125, 0.1813009375, 0.17857498046875, 0.17702208984375, 0.17238966796875, 0.17525740234375, 0.1696959765625, 0.17410171875, 0.16909634765625, 0.1749316015625, 0.16645056640625, 0.166289921875, 0.1618075, 0.16640978515625, 0.164936171875, 0.16644423828125, 0.16675982421875, 0.15771189453125, 0.16058947265625, 0.151215634765625, 0.162292412109375, 0.15744423828125, 0.158695859375, 0.154059443359375, 0.152995634765625, 0.154786259765625, 0.15277419921875, 0.1536784375, 0.15264603515625, 0.151896376953125, 0.156255625, 0.148590712890625, 0.148071513671875, 0.146914287109375, 0.14818638671875, 0.153927001953125, 0.14502400390625, 0.152166982421875, 0.147398642578125, 0.144950673828125, 0.1438609765625, 0.143172900390625, 0.14499451171875, 0.0693932177734375, 0.04103130859375, 0.0308475, 0.02524160400390625, 0.0216594677734375, 0.0185791748046875, 0.016368126220703126, 0.01459598876953125, 0.0131590771484375, 0.01176938720703125, 0.01210490966796875, 0.01103537353515625, 0.009169185180664062, 0.008326912841796876, 0.0081475927734375, 0.008013615112304688, 0.007325427856445313, 0.007436915283203125, 0.006781805419921875, 0.006303538818359375, 0.006455855712890625, 0.005826242065429687, 0.005561805419921875, 0.005969769897460938, 0.005581506958007813, 0.004880052490234375, 0.00546353515625, 0.005203336181640625, 0.00553342529296875, 0.004631971435546875, 0.004592747497558594, 0.00409245849609375, 0.004292965698242187, 0.004538652038574219, 0.004088297424316406, 0.004113299255371094, 0.004067402038574219, 0.003954192199707031, 0.0037592657470703126, 0.0040506106567382814, 0.004432408447265625, 0.003473594970703125, 0.003585487060546875, 0.0033594580078125, 0.003754355773925781, 0.00415808837890625, 0.004422016296386719, 0.0038286843872070314, 0.004274237976074219, 0.0032729815673828125, 0.003696314697265625, 0.0032137594604492187, 0.003028880615234375, 0.002492652893066406, 0.0025592718505859373, 0.002595811767578125, 0.0023472747802734373, 0.002445692596435547, 0.0021142005920410157, 0.00182403076171875, 0.002141163024902344, 0.0020169158935546875, 0.0022055039978027343, 0.0015844879150390624, 0.0018988641357421876, 0.001692154541015625, 0.002241536865234375, 0.0020711924743652345, 0.0021614093017578123, 0.00204927001953125, 0.001989238586425781, 0.001815650634765625, 0.001714429931640625, 0.00169177001953125, 0.0017807508850097656, 0.0018233720397949219, 0.0016821783447265625, 0.0014820046997070313, 0.0015591644287109374, 0.0018556683349609374, 0.0015390409851074218, 0.0016301507568359376, 0.0016957008361816407, 0.0017768632507324219, 0.001835336151123047, 0.0017046481323242187, 0.0015599449157714844, 0.001742265625, 0.0014830012512207032, 0.0017437298583984375, 0.0016482501220703126, 0.0015419393920898436, 0.0017921142578125, 0.001540653839111328, 0.0015633442687988282, 0.00151282958984375, 0.0017872000122070312, 0.0014515090942382812, 0.0016208837890625, 0.0016365699768066406], "test_loss": [1.7312095703125, 1.489558984375, 1.2146287109375, 1.07456318359375, 0.9825080078125, 0.83355888671875, 0.82609453125, 0.718596533203125, 0.652009033203125, 0.66480712890625, 0.5996830078125, 0.533182568359375, 0.476609228515625, 0.54927646484375, 0.52612822265625, 0.48032880859375, 0.46823994140625, 0.424058935546875, 0.4217806640625, 0.524395068359375, 0.531306005859375, 0.42837802734375, 0.387041162109375, 0.409429150390625, 0.393216650390625, 0.3774452880859375, 0.4993099609375, 0.4081297607421875, 0.427861962890625, 0.387475537109375, 0.3494065185546875, 0.42006533203125, 0.446688525390625, 0.4011031494140625, 0.41602861328125, 0.4205013671875, 0.390843603515625, 0.3929552978515625, 0.46135908203125, 0.41247216796875, 0.442277099609375, 0.3927208740234375, 0.4388509765625, 0.432494189453125, 0.3653081787109375, 0.418465234375, 0.385698779296875, 0.439860595703125, 0.3925156982421875, 0.317359130859375, 0.40667216796875, 0.555245751953125, 0.426609033203125, 0.3931189697265625, 0.496582373046875, 0.51696201171875, 0.4750640625, 0.3904255615234375, 0.3871818115234375, 0.514427197265625, 0.3790340087890625, 0.419082177734375, 0.466507177734375, 0.3948598388671875, 0.386238818359375, 0.470341748046875, 0.33568916015625, 0.4093460205078125, 0.3655609619140625, 0.395276416015625, 0.3795113525390625, 0.3791379150390625, 0.418382763671875, 0.338051806640625, 0.3641328857421875, 0.3908150634765625, 0.3506748291015625, 0.36588076171875, 0.3774092041015625, 0.36318408203125, 0.413928173828125, 0.43965810546875, 0.33950859375, 0.3817539794921875, 0.391221044921875, 0.429755029296875, 0.39786025390625, 0.3858133056640625, 0.3481100341796875, 0.438133544921875, 0.423274609375, 0.33305537109375, 0.414424853515625, 0.3999468505859375, 0.3920645751953125, 0.4185578125, 0.3414534912109375, 0.375365625, 0.3752766845703125, 0.4076632080078125, 0.23449794921875, 0.2366748046875, 0.2373601318359375, 0.2377272216796875, 0.2405471923828125, 0.24943330078125, 0.2435703369140625, 0.2540877197265625, 0.2595104736328125, 0.2619551025390625, 0.26422041015625, 0.2649909423828125, 0.271195751953125, 0.276077392578125, 0.279229736328125, 0.278422412109375, 0.283514794921875, 0.2878076171875, 0.287714794921875, 0.2900087646484375, 0.2956799560546875, 0.291576611328125, 0.2923753662109375, 0.2882115966796875, 0.2998291748046875, 0.3000811279296875, 0.2993947021484375, 0.2969153564453125, 0.3029079345703125, 0.3007439208984375, 0.3018912109375, 0.3053107666015625, 0.3110324951171875, 0.305431787109375, 0.3120260498046875, 0.3097308837890625, 0.30403095703125, 0.3083560546875, 0.31414072265625, 0.3074704345703125, 0.311174169921875, 0.3203516357421875, 0.3041280029296875, 0.311458837890625, 0.3163138916015625, 0.3078057373046875, 0.3211478515625, 0.316260400390625, 0.31886669921875, 0.3285838623046875, 0.32411845703125, 0.3175186767578125, 0.3177788330078125, 0.3156867431640625, 0.3159060546875, 0.3125952880859375, 0.3141882568359375, 0.3155664306640625, 0.3127861083984375, 0.3160650634765625, 0.314585205078125, 0.3125804443359375, 0.3104638671875, 0.31088642578125, 0.313943408203125, 0.311950830078125, 0.31453125, 0.3175133544921875, 0.3132349609375, 0.3127577392578125, 0.3137742431640625, 0.3105677001953125, 0.311724462890625, 0.311645166015625, 0.317018798828125, 0.313436865234375, 0.3149237548828125, 0.3210674560546875, 0.31136640625, 0.3120017333984375, 0.3142766357421875, 0.3118704833984375, 0.3117621826171875, 0.3159760986328125, 0.3123991943359375, 0.313000439453125, 0.3149383056640625, 0.3125354248046875, 0.31583232421875, 0.3135828857421875, 0.31298095703125, 0.3129490478515625, 0.31248603515625, 0.3145463134765625, 0.313827197265625, 0.3182353759765625, 0.3157087646484375, 0.313947607421875, 0.3164547607421875, 0.3116648193359375],