{"args": {"arch": "resnet110", "lr": 0.1, "epochs": 200, "batch_size": 128, "width_mult": 1.0, "final_conv": false}, "num_params": 1727962, "train_loss": [1.83008203125, 1.93014828125, 1.3599790625, 1.03920078125, 0.84136078125, 0.7314959375, 0.6551474609375, 0.6001557421875, 0.5489479296875, 0.5182076953125, 0.48241171875, 0.4550769921875, 0.4339455078125, 0.410907578125, 0.3925243359375, 0.377081953125, 0.3567206640625, 0.346278828125, 0.3355366796875, 0.32306474609375, 0.3090709765625, 0.30397826171875, 0.2927648046875, 0.28438134765625, 0.2774564453125, 0.26740806640625, 0.26073181640625, 0.25844048828125, 0.25548626953125, 0.2429476171875, 0.24175154296875, 0.24252501953125, 0.23455552734375, 0.226480546875, 0.22097140625, 0.22522126953125, 0.214772265625, 0.21134458984375, 0.209603203125, 0.21194494140625, 0.2027008203125, 0.1997179296875, 0.2039637109375, 0.19611705078125, 0.19427396484375, 0.19406365234375, 0.191034296875, 0.18814701171875, 0.1851033203125, 0.18409693359375, 0.18024962890625, 0.1786789453125, 0.1802992578125, 0.1788364453125, 0.17420962890625, 0.170455546875, 0.17144279296875, 0.17761234375, 0.17092841796875, 0.16899607421875, 0.167542578125, 0.162404697265625, 0.1640786328125, 0.16255505859375, 0.163227275390625, 0.15897328125, 0.161489345703125, 0.15908748046875, 0.157837685546875, 0.165847578125, 0.160090751953125, 0.1562398828125, 0.159848876953125, 0.1567890625, 0.1499778125, 0.15352912109375, 0.15307427734375, 0.157472822265625, 0.1506190234375, 0.15042955078125, 0.149288955078125, 0.14253763671875, 0.15610041015625, 0.14879794921875, 0.145203798828125, 0.149800390625, 0.1455389453125, 0.152242841796875, 0.14267849609375, 0.149507265625, 0.143401142578125, 0.146920361328125, 0.1425223046875, 0.142042294921875, 0.142085595703125, 0.14527671875, 0.142124755859375, 0.1390007421875, 0.14587607421875, 0.13907525390625, 0.065665908203125, 0.0401369482421875, 0.03187442138671875, 0.02623014404296875, 0.02326067626953125, 0.02002543212890625, 0.018651954345703124, 0.01729250244140625, 0.0148596044921875, 0.014495076904296874, 0.013208399658203125, 0.011619608154296876, 0.01201378173828125, 0.0103654052734375, 0.009824306640625, 0.009750806884765624, 0.00937137939453125, 0.008522775268554687, 0.007980511474609375, 0.00780618896484375, 0.006604956665039062, 0.0072812548828125, 0.0069925994873046874, 0.006773082885742188, 0.006777457885742188, 0.006202733764648438, 0.006108779296875, 0.005089122009277343, 0.004916044311523438, 0.004458375244140625, 0.005079247741699219, 0.004844973754882812, 0.004817107849121094, 0.0042684078979492186, 0.004140970764160156, 0.004189630126953125, 0.004317753295898437, 0.003775711669921875, 0.00378326171875, 0.0032712298583984375, 0.00356522705078125, 0.0037176092529296874, 0.003724959716796875, 0.0033507879638671875, 0.0032364337158203127, 0.0031187799072265624, 0.0036556463623046874, 0.0035693765258789064, 0.003585215148925781, 0.002943765869140625, 0.0027416891479492187, 0.002746990966796875, 0.0028849163818359374, 0.0026756173706054685, 0.002409442291259766, 0.0027069525146484375, 0.0024602250671386717, 0.002768885498046875, 0.002212694854736328, 0.002707652893066406, 0.0023727923583984375, 0.0023797154235839844, 0.002364290618896484, 0.0023383367919921874, 0.00225425537109375, 0.002293878326416016, 0.002274778137207031, 0.002299429779052734, 0.0021012081909179687, 0.0020511907958984375, 0.002102587127685547, 0.00215404052734375, 0.00207255126953125, 0.002168805236816406, 0.002354084167480469, 0.002289922180175781, 0.0021956109619140625, 0.0020567955017089844, 0.002188905944824219, 0.0021925570678710937, 0.002054491729736328, 0.0020942703247070313, 0.002166168975830078, 0.001906876220703125, 0.002265936737060547, 0.002064545593261719, 0.002177828826904297, 0.002051811676025391, 0.0020231475830078125, 0.0021259912109375, 0.002014717102050781, 0.0019525213623046876, 0.0022442539978027344, 0.00200613037109375, 0.0020405752563476564, 0.0021158480834960938, 0.0017196734619140625, 0.0025116802978515625, 0.0017787803649902344, 0.0018645509338378907], "test_loss": [1.51521083984375, 1.49618974609375, 1.2721005859375, 1.1753134765625, 0.85528037109375, 0.810285791015625, 0.710690283203125, 0.739070849609375, 0.6309291015625, 0.718408837890625, 0.64984853515625, 0.52863330078125, 0.543125830078125, 0.51945712890625, 0.530083447265625, 0.556774755859375, 0.51366591796875, 0.5443255859375, 0.459021533203125, 0.48220732421875, 0.499173193359375, 0.432964404296875, 0.54622041015625, 0.47771640625, 0.41307685546875, 0.46433701171875, 0.526294287109375, 0.4548712890625, 0.393597509765625, 0.523114013671875, 0.43950048828125, 0.4001345703125, 0.3678302734375, 0.45827177734375, 0.453197216796875, 0.457980322265625, 0.441301904296875, 0.492089453125, 0.4423875, 0.352901318359375, 0.401370361328125, 0.3837976806640625, 0.45743359375, 0.524117919921875, 0.416921142578125, 0.412707177734375, 0.400516259765625, 0.470327099609375, 0.489584033203125, 0.3675805419921875, 0.473566064453125, 0.422016845703125, 0.454193603515625, 0.3364699462890625, 0.40384462890625, 0.427611767578125, 0.4586107421875, 0.408415673828125, 0.439514697265625, 0.451838427734375, 0.540854736328125, 0.37652236328125, 0.3727853759765625, 0.360860693359375, 0.3783014404296875, 0.40190478515625, 0.432218310546875, 0.425020361328125, 0.446550146484375, 0.4453056640625, 0.543390771484375, 0.41977373046875, 0.393235400390625, 0.39679873046875, 0.37088046875, 0.44239501953125, 0.476671337890625, 0.3805281982421875, 0.57306982421875, 0.45971044921875, 0.470344873046875, 0.46951650390625, 0.3990765869140625, 0.454457080078125, 0.3668214111328125, 0.387829931640625, 0.441086865234375, 0.38935595703125, 0.4076087646484375, 0.369515234375, 0.3975508056640625, 0.47661279296875, 0.427832373046875, 0.3854437744140625, 0.449052197265625, 0.4902013671875, 0.418915234375, 0.4088711669921875, 0.427123486328125, 0.429650830078125, 0.2421782470703125, 0.241459619140625, 0.2482118408203125, 0.2472292724609375, 0.251415478515625, 0.250668408203125, 0.2545713134765625, 0.2580917236328125, 0.261594970703125, 0.26219765625, 0.2624164306640625, 0.2700343994140625, 0.2703402587890625, 0.27142509765625, 0.277951953125, 0.280965185546875, 0.2770058837890625, 0.28104560546875, 0.286105078125, 0.2798848388671875, 0.275627783203125, 0.2877302001953125, 0.283060791015625, 0.2863494384765625, 0.2870092529296875, 0.2890833251953125, 0.287459326171875, 0.2902077392578125, 0.286501220703125, 0.2946185791015625, 0.291529443359375, 0.29208701171875, 0.2996347900390625, 0.29572861328125, 0.301372412109375, 0.299390673828125, 0.2975379638671875, 0.301999853515625, 0.301972802734375, 0.2992006103515625, 0.298462353515625, 0.299304833984375, 0.298670849609375, 0.3010455322265625, 0.300498486328125, 0.30237294921875, 0.3084993896484375, 0.3091882568359375, 0.3093791748046875, 0.3057495849609375, 0.304845751953125, 0.3017918212890625, 0.302666650390625, 0.2993399169921875, 0.300959228515625, 0.3009545654296875, 0.300377880859375, 0.298920703125, 0.3013262939453125, 0.299319189453125, 0.299112548828125, 0.298538916015625, 0.298921630859375, 0.299024658203125, 0.2991414306640625, 0.2982683837890625, 0.297421533203125, 0.298297607421875, 0.2988194580078125, 0.2983607177734375, 0.296287109375, 0.2970928466796875, 0.2999269775390625, 0.296926611328125, 0.2993329345703125, 0.2964003173828125, 0.2963409912109375, 0.295624853515625, 0.2963181396484375, 0.2960634521484375, 0.29786708984375, 0.2980640625, 0.29764599609375, 0.29897353515625, 0.2967895751953125, 0.2962685546875, 0.296337353515625, 0.297139404296875, 0.2968109375, 0.2967000732421875, 0.2997154541015625, 0.299033740234375, 0.29630712890625, 0.296667529296875, 0.298978271484375, 0.2985884521484375, 0.295082958984375, 0.29668837890625, 0.2972654052734375, 0.299539404296875],